benchmark,samples,median_ns,median_ci95_low_ns,median_ci95_high_ns,sample_min_ns,sample_max_ns,sample_cv_percent
crossover_fir_interleaved_blocks/2ch_2band_511taps/2048,30,1611198.569,1608128.279,1617416.214,1603078.855,1636576.872,0.53
crossover_fir_interleaved_blocks/2ch_2band_511taps/32,30,25480.332,25064.295,25630.999,24840.403,32534.724,5.59
crossover_fir_interleaved_blocks/2ch_2band_511taps/512,30,396523.160,395209.105,396890.844,394364.549,397730.701,0.27
crossover_fir_interleaved_blocks/2ch_2band_63taps/2048,30,220593.204,215410.951,235869.085,212376.167,333021.278,19.45
crossover_fir_interleaved_blocks/2ch_2band_63taps/32,30,3252.219,3248.411,3253.393,3232.925,3282.316,0.26
crossover_fir_interleaved_blocks/2ch_2band_63taps/512,30,51752.577,51727.944,51779.442,51469.869,76774.041,8.69
crossover_fir_interleaved_blocks/2ch_4band_511taps/2048,30,5080122.268,5046625.270,5117700.040,4916196.000,5522404.846,3.23
crossover_fir_interleaved_blocks/2ch_4band_511taps/32,30,75437.428,75423.058,75473.879,75183.904,75696.150,0.13
crossover_fir_interleaved_blocks/2ch_4band_511taps/512,30,1214802.340,1209473.723,1305150.387,1204879.500,1635025.679,12.13
crossover_fir_interleaved_blocks/2ch_4band_63taps/2048,30,678556.354,675139.119,682001.830,670945.946,703399.083,1.26
crossover_fir_interleaved_blocks/2ch_4band_63taps/32,30,10498.100,10457.401,10509.172,10394.026,10531.724,0.40
crossover_fir_interleaved_blocks/2ch_4band_63taps/512,30,168159.472,167706.009,168634.124,166939.389,169313.385,0.44
crossover_lr_interleaved_blocks/2ch_2band_both/2048,30,28999.972,28797.146,29097.799,28568.796,30787.970,1.41
crossover_lr_interleaved_blocks/2ch_2band_both/32,30,473.525,472.531,474.321,469.975,479.549,0.41
crossover_lr_interleaved_blocks/2ch_2band_both/512,30,7324.146,7317.646,7328.612,7283.748,7353.241,0.22
crossover_lr_interleaved_blocks/2ch_4band_both/2048,30,542615.079,542429.503,542792.398,539867.966,543619.938,0.16
crossover_lr_interleaved_blocks/2ch_4band_both/32,30,8586.869,8573.269,8616.028,8533.495,8767.000,0.58
crossover_lr_interleaved_blocks/2ch_4band_both/512,30,137844.262,136516.690,138113.864,135924.037,140494.396,0.84
crossover_lr_interleaved_blocks/8ch_4band_both/2048,30,1780574.711,1775279.308,1901018.858,1766967.563,2022844.667,4.56
crossover_lr_interleaved_blocks/8ch_4band_both/32,30,27363.066,27256.383,27403.668,27129.952,27566.903,0.44
crossover_lr_interleaved_blocks/8ch_4band_both/512,30,446812.587,446540.090,447194.861,445208.190,449467.300,0.23
crossover_lr_interleaved_blocks/8ch_per_channel_mixed/2048,30,95274.855,95218.890,95363.130,94545.391,95706.139,0.28
crossover_lr_interleaved_blocks/8ch_per_channel_mixed/32,30,1506.872,1504.314,1508.321,1501.155,1522.271,0.38
crossover_lr_interleaved_blocks/8ch_per_channel_mixed/512,30,23784.710,23761.729,23804.382,23692.547,23854.157,0.15
crossover_setup_and_initialize/fir_2ch_4band_1025taps,30,332432.218,332206.000,332489.544,330590.161,333555.292,0.21
crossover_setup_and_initialize/fir_2ch_4band_511taps,30,168953.118,168817.712,169052.263,168492.149,170257.077,0.21
crossover_setup_and_initialize/fir_2ch_4band_63taps,30,24908.611,24874.024,25013.341,24830.236,25370.544,0.48
crossover_setup_and_initialize/lr24_2ch_2band,30,1258.021,1252.658,1260.400,1246.003,1350.394,1.46
crossover_setup_and_initialize/lr24_2ch_4band,30,11585.868,11574.326,11602.059,11542.749,11642.750,0.20
crossover_setup_and_initialize/lr24_8ch_4band,30,37405.499,37385.703,37439.900,37179.413,48832.583,5.53
crossover_setup_and_initialize/lr24_8ch_per_channel,30,9550.012,9539.695,9633.186,9523.053,9693.381,0.56
