case_id,sample_count,archived_median_ns,archived_median_ci_low_ns,archived_median_ci_high_ns,archived_sample_cv_pct,current_median_ns,current_median_ci_low_ns,current_median_ci_high_ns,current_sample_cv_pct,current_over_archived,preedit_r3_median_ns,current_over_preedit_r3
crossover_fir_interleaved_blocks/2ch_2band_511taps/2048,30,1590767.1343434344,1589093.5089285714,1591956.43125,0.23313258582999996,1595155.2833333332,1592194.6666666667,1598588.150462963,0.3485422701792655,1.0027585112208834,1611198.5694444445,0.990042638806064
crossover_fir_interleaved_blocks/2ch_2band_511taps/32,30,24824.544779693486,24758.91979039892,24842.98619216033,0.7547994404112139,24894.0985440613,24875.047966401413,24908.99026181354,0.20391130080853406,1.0028018142924704,25480.33205128205,0.97699270535247
crossover_fir_interleaved_blocks/2ch_2band_511taps/512,30,398022.17803030304,397745.49715909094,398333.1883116883,0.3598978651321051,396461.81173807033,396190.3879015721,396584.0026737968,0.28419644432272895,0.9960797001313985,396523.15975935827,0.9998452851497371
crossover_fir_interleaved_blocks/2ch_2band_63taps/2048,30,207419.59670908592,207230.61538461538,207576.91602891154,0.24457931185605403,208608.02053571428,208527.1105442177,208701.2383786848,0.2399518753343748,1.0057295638670785,220593.20394736843,0.9456683923294676
crossover_fir_interleaved_blocks/2ch_2band_63taps/32,30,3233.631948739092,3231.601064499874,3235.4192090977804,0.18028753782344506,3284.5168727627724,3283.3035223150255,3288.9005296944993,6.825931994127863,1.0157361520514177,3252.2193365769253,1.009930921885435
crossover_fir_interleaved_blocks/2ch_2band_63taps/512,30,51778.334457671954,51744.88268849206,51799.356782106785,0.42128650436076764,52445.03832472748,52350.03562236563,52598.29211391018,0.5448290425876379,1.012876116507775,51752.57738095238,1.0133802214076775
crossover_fir_interleaved_blocks/2ch_4band_511taps/2048,30,4830911.388888889,4827652.777777778,4832613.891304348,0.19179126594750218,4835492.355555555,4833451.891917293,4838778.946666666,0.21027978840956452,1.0009482613730407,5080122.267857144,0.9518456644539036
crossover_fir_interleaved_blocks/2ch_4band_511taps/32,30,75480.47683189655,75295.78330721003,75560.98471786834,13.286803316534431,75017.08666405434,74979.20162835249,75044.92835433246,0.09269453444892445,0.9938607943763493,75437.42780026991,0.9944279497794055
crossover_fir_interleaved_blocks/2ch_4band_511taps/512,30,1207853.1597222222,1207410.921875,1208583.6411102484,0.2364259345865434,1203079.3557692308,1202080.5833333335,1206113.0612179488,0.6504764820538523,0.9960476951071691,1214802.3404411767,0.9903498830371956
crossover_fir_interleaved_blocks/2ch_4band_63taps/2048,30,670681.6822751323,669452.0541871921,672797.6894409938,0.6071981693836007,664754.9464285714,664504.625231911,666162.2335978836,0.5184077841630221,0.991163116567526,678556.354199372,0.979660631448828
crossover_fir_interleaved_blocks/2ch_4band_63taps/32,30,10536.354975728154,10532.734407178581,10544.244596625058,0.36418516176729554,10463.463012763052,10443.800386987165,10474.832305063144,0.23286356423983084,0.9930818615040004,10498.099933541378,0.9967006485937839
crossover_fir_interleaved_blocks/2ch_4band_63taps/512,30,172219.38540505388,171919.55186480185,172468.22596153844,0.6689457211653896,166219.3357166338,166169.56534040673,166271.47456293707,0.7279637960609616,0.9651604279372605,168159.47198996655,0.9884625216149078
crossover_lr_interleaved_blocks/2ch_2band_both/2048,30,29331.84799437016,29310.44310570382,29357.212895593017,0.23750827320121753,29783.247103448277,29768.422460506197,29826.901548958143,0.24743146296734952,1.015389385256761,28999.972476152623,1.02700949554141
crossover_lr_interleaved_blocks/2ch_2band_both/32,30,478.352438058457,477.3581196581197,479.45730924649394,0.787687448587727,493.92694221201685,493.62051069439127,494.0972455112929,0.5674862526466382,1.0325586385987158,473.52450657894735,1.0430863352363116
crossover_lr_interleaved_blocks/2ch_2band_both/512,30,7345.352555992584,7334.443583191369,7357.70513763113,3.5187086989556104,7416.364827586207,7414.769519704434,7417.486251874063,0.13148559276735963,1.0096676464543133,7324.146200585497,1.0125910412592989
crossover_lr_interleaved_blocks/2ch_4band_both/2048,30,556080.3229166667,555239.9652777778,556341.325892857,0.2039486451382056,521469.6816239316,521262.9563492064,521586.72749042144,0.11935969604220033,0.937759636753193,542615.0787337662,0.9610305759302175
crossover_lr_interleaved_blocks/2ch_4band_both/32,30,8857.542584227367,8844.824663561078,8867.522774327123,0.3587177418415342,8254.696663221615,8231.777553849435,8288.654357462754,0.7686665488351531,0.9319398224424865,8586.868719063143,0.9613162764321651
crossover_lr_interleaved_blocks/2ch_4band_both/512,30,134166.11927083333,134058.87579299812,134336.4857638889,0.18150123417911884,131003.01222222223,130861.92290723325,131146.00643939394,0.2007479611101112,0.9764239506531011,137844.26209677418,0.9503697160078449
crossover_lr_interleaved_blocks/8ch_4band_both/2048,30,1767908.6590909092,1767116.531986532,1769414.984920635,0.22429204370990444,1784075.4444444445,1781330.6419753088,1785552.6545454545,0.24936624950803732,1.0091445818031395,1780574.711111111,1.0019660693322714
crossover_lr_interleaved_blocks/8ch_4band_both/32,30,27544.827372919477,27529.304181929183,27564.076451734538,0.2268694288110443,27459.95175455948,27427.55883227176,27476.950636942674,0.2624536556465318,0.9969186367657746,27363.065777972028,1.0035407573615325
crossover_lr_interleaved_blocks/8ch_4band_both/512,30,446068.3032051282,444861.5223478261,447053.58999999997,0.36923218095425536,442338.3208333333,441911.0416256158,442648.15208333335,0.16293468910903924,0.9916380914200944,446812.5873161765,0.9899862568561053
crossover_lr_interleaved_blocks/8ch_per_channel_mixed/2048,30,94985.72987736901,94949.68933747412,95053.47141706925,0.20037091957515904,95038.29221014492,94907.69421810834,95150.19254658386,0.44785030400777753,1.0005533708362695,95274.85460795244,0.9975170531744084
crossover_lr_interleaved_blocks/8ch_per_channel_mixed/32,30,1504.8641591914347,1503.530832747716,1506.175637790413,0.19729301794499532,1485.4418945953037,1484.170253169655,1487.9234172077922,0.3939948257511704,0.9870936758793122,1506.8717029749355,0.9857786111867891
crossover_lr_interleaved_blocks/8ch_per_channel_mixed/512,30,23952.931525573193,23942.242855276905,23972.121450617284,0.13500897829337075,24449.410998376625,24434.176582792206,24463.947632575757,0.6581682171194798,1.020727294789507,23784.710117403316,1.0279465622112816
crossover_setup_and_initialize/fir_2ch_4band_1025taps,30,332016.9716117216,331946.7367632368,332089.2922592114,0.058381100435215376,332821.9007554945,332765.7822440717,332943.29038461536,0.12618930803524028,1.00242436144112,332432.217948718,1.0011722173295388
crossover_setup_and_initialize/fir_2ch_4band_511taps,30,168429.55631868134,168371.30502958578,168503.40737179486,0.3524384135938928,168629.9692113442,168507.61363636365,168781.16626602563,0.1980541694905323,1.0011898914718012,168953.11813186813,0.9980873456252419
crossover_setup_and_initialize/fir_2ch_4band_63taps,30,24802.973448426572,24790.166396103894,24855.88645758177,0.1868333548881008,24810.595422116527,24798.71567688378,24825.816895867545,0.384332686604853,1.0003073008043089,24908.610741811175,0.9960650025523052
crossover_setup_and_initialize/lr24_2ch_2band,30,1265.8908360804085,1265.1115746800465,1302.162394718871,1.5245970727241882,1280.0465725696897,1278.8987447698746,1282.4247138650903,0.20676850135901004,1.0111824306534296,1258.0207638560614,1.0175083029997973
crossover_setup_and_initialize/lr24_2ch_4band,30,11867.669943401848,11702.822162645218,12345.868727489371,3.2238658904708304,11503.813230849188,11491.528647822764,11518.767613954673,0.5745310916883521,0.9693405096124235,11585.868111559139,0.9929176752298703
crossover_setup_and_initialize/lr24_8ch_4band,30,38306.23333333334,38270.78300585284,41084.77530434783,6.478770347639536,37391.75928381963,37355.28405172414,37420.91779409339,0.15531017312028642,0.976127278253747,37405.49891304348,0.9996326842410046
crossover_setup_and_initialize/lr24_8ch_per_channel,30,9544.18638320073,9529.852032520324,9599.589985218034,0.42432122259400296,9498.514985380118,9485.137813156116,9504.785307017544,0.412781006079014,0.9952147416252264,9550.01216367713,0.9946076321773832
