case_id,measurement,family,topology,frames,sample_count,median_ns,median_ci_low_ns,median_ci_high_ns,sample_min_ns,sample_max_ns,sample_cv_pct
crossover_new_iir_interleaved_blocks/bessel12_2ch_2way_both/2048,process_call,bessel12,2way,2048,30,42338.429273384,42231.72329152249,42404.008065953654,42071.769984917046,42724.950980392154,0.4000263306094117
crossover_new_iir_interleaved_blocks/bessel12_2ch_2way_both/32,process_call,bessel12,2way,32,30,677.8604018163578,676.6609413889602,678.9435941267578,672.4067174311512,684.1075558371614,0.45184132753920725
crossover_new_iir_interleaved_blocks/bessel12_2ch_2way_both/512,process_call,bessel12,2way,512,30,10605.604110962568,10583.311971276806,10625.370955882354,10489.400571895425,10765.288281979458,0.5666402988298243
crossover_new_iir_interleaved_blocks/bessel12_2ch_4way_both/2048,process_call,bessel12,4way,2048,30,130861.29086538462,130737.71833147321,131032.16356646825,129982.27556818182,148650.68402777778,3.1875325756522757
crossover_new_iir_interleaved_blocks/bessel12_2ch_4way_both/32,process_call,bessel12,4way,32,30,2060.4921178950353,2058.2341702534673,2062.1524458956555,2044.7699665231946,2070.6022864430324,0.27869278288299454
crossover_new_iir_interleaved_blocks/bessel12_2ch_4way_both/512,process_call,bessel12,4way,512,30,32980.07326547922,32960.01529195995,33018.319720101776,32911.38698971125,33120.442748091606,0.1788749380282425
crossover_new_iir_interleaved_blocks/bessel12_2ch_per_channel_mixed/2048,process_call,bessel12,per_channel,2048,30,40922.98521263851,40901.70501000572,40934.49213836478,40793.5679245283,41011.85849056604,0.10837418603643847
crossover_new_iir_interleaved_blocks/bessel12_2ch_per_channel_mixed/32,process_call,bessel12,per_channel,32,30,656.2495066625979,655.6014411409972,657.271304064424,651.8984131827891,684.597824665417,0.8795947785500972
crossover_new_iir_interleaved_blocks/bessel12_2ch_per_channel_mixed/512,process_call,bessel12,per_channel,512,30,10259.447712808273,10251.162092283215,10271.598070679967,10230.67661097852,10294.357199681783,0.16186922637220982
crossover_new_iir_interleaved_blocks/bw42_2ch_2way_both/2048,process_call,bw42,2way,2048,30,74878.69664090368,74819.24813218392,74900.32850985222,74425.50969827586,75311.96551724138,0.25322604683833017
crossover_new_iir_interleaved_blocks/bw42_2ch_2way_both/32,process_call,bw42,2way,32,30,1179.5569507845175,1176.9536334222712,1181.4883567945535,1172.4636066957835,1188.1139939276843,0.36628469700510957
crossover_new_iir_interleaved_blocks/bw42_2ch_2way_both/512,process_call,bw42,2way,512,30,18998.820814977975,18985.259911894274,19028.475220264314,18927.886677806473,19120.361233480176,0.23828989824659866
crossover_new_iir_interleaved_blocks/bw42_2ch_4way_both/2048,process_call,bw42,4way,2048,30,230704.3677462888,230550.73502722324,231021.06210526318,229728.03007518797,326059.9097744361,7.701738857237368
crossover_new_iir_interleaved_blocks/bw42_2ch_4way_both/32,process_call,bw42,4way,32,30,3602.344490934449,3598.515111039588,3608.5232531380752,3583.8894636744008,4593.088822474597,8.507323729627165
crossover_new_iir_interleaved_blocks/bw42_2ch_4way_both/512,process_call,bw42,4way,512,30,57248.31737749546,57221.43847465887,57272.80528846154,57126.55562200957,57519.332706766916,0.1411312255299676
crossover_new_iir_interleaved_blocks/bw42_2ch_per_channel_mixed/2048,process_call,bw42,per_channel,2048,30,71834.21006944444,71798.4750595238,71856.23177203065,71627.8,72056.48333333334,0.15189658977039022
crossover_new_iir_interleaved_blocks/bw42_2ch_per_channel_mixed/32,process_call,bw42,per_channel,32,30,1132.3071547713107,1131.789969353796,1133.6743462444188,1129.2073676586779,1295.9273549293302,2.6242068604322726
crossover_new_iir_interleaved_blocks/bw42_2ch_per_channel_mixed/512,process_call,bw42,per_channel,512,30,17901.91825980392,17873.03775252525,17923.138139880954,17815.41388888889,17990.49861111111,0.25056075683429013
crossover_new_iir_interleaved_blocks/bw48_2ch_2way_both/2048,process_call,bw48,2way,2048,30,74973.02339901478,74921.27080856124,75011.1066091954,74810.72605363985,75304.36206896552,0.16633628881971305
crossover_new_iir_interleaved_blocks/bw48_2ch_2way_both/32,process_call,bw48,2way,32,30,1189.0305832836168,1187.9684084416183,1191.0692584839667,1182.995971404874,1201.709750253433,0.37855029611052643
crossover_new_iir_interleaved_blocks/bw48_2ch_2way_both/512,process_call,bw48,2way,512,30,18905.066510974408,18882.36038011696,18919.556853070175,18793.591228070174,19291.251228070174,0.43147674305729306
crossover_new_iir_interleaved_blocks/bw48_2ch_4way_both/2048,process_call,bw48,4way,2048,30,234319.1442982456,234064.09556087188,234455.22877627506,233431.62105263158,236284.52631578947,0.26500642400997687
crossover_new_iir_interleaved_blocks/bw48_2ch_4way_both/32,process_call,bw48,4way,32,30,3643.4661859438734,3635.4494017816505,3646.699628668035,3626.38224852071,3661.460628129267,0.2536596238438793
crossover_new_iir_interleaved_blocks/bw48_2ch_4way_both/512,process_call,bw48,4way,512,30,58445.50426742532,58423.30582770271,58496.17309612568,58276.56600831601,58652.31925675676,0.1693836276815027
crossover_new_iir_interleaved_blocks/bw48_2ch_per_channel_mixed/2048,process_call,bw48,per_channel,2048,30,71448.80399831649,71409.33504385964,71496.23430555555,71262.5125,72465.63076923077,0.291798065749736
crossover_new_iir_interleaved_blocks/bw48_2ch_per_channel_mixed/32,process_call,bw48,per_channel,32,30,1132.1981604165878,1131.1074137778953,1132.888543335051,1126.2442445091294,1135.3107083002558,0.20010504208274713
crossover_new_iir_interleaved_blocks/bw48_2ch_per_channel_mixed/512,process_call,bw48,per_channel,512,30,17910.839853896105,17900.90683760684,17919.14983974359,17815.59140625,17965.965476190475,0.1632055224285677
crossover_new_iir_interleaved_blocks/bw6_2ch_2way_both/2048,process_call,bw6,2way,2048,30,42288.03098739496,42224.16503267974,42329.535090123005,42062.16176470588,42535.27320261438,0.26060404531401066
crossover_new_iir_interleaved_blocks/bw6_2ch_2way_both/32,process_call,bw6,2way,32,30,681.5494308300395,680.9205759457934,682.4220995079975,675.5943083003953,688.3457391304348,0.3791399347940369
crossover_new_iir_interleaved_blocks/bw6_2ch_2way_both/512,process_call,bw6,2way,512,30,10567.170135241597,10521.794835611014,10590.678272199684,10476.429050567596,10644.819852941177,0.46255050166957257
crossover_new_iir_interleaved_blocks/lr12_2ch_2way_both/2048,process_call,lr12,2way,2048,30,52334.45969592656,52300.18054034319,52364.98207831325,52087.698795180724,53297.37091222031,0.43774328976347754
crossover_new_iir_interleaved_blocks/lr12_2ch_2way_both/32,process_call,lr12,2way,32,30,840.1580102604065,838.7924037981008,842.5262259199413,835.0171151084846,848.4882135203585,0.42849394763793786
crossover_new_iir_interleaved_blocks/lr12_2ch_2way_both/512,process_call,lr12,2way,512,30,13173.460856269114,13166.945760661358,13188.781396534148,13132.076452599389,13245.142966360856,0.19802561289721166
crossover_new_iir_interleaved_blocks/lr12_2ch_4way_both/2048,process_call,lr12,4way,2048,30,561604.4546404682,561007.0327380953,562672.1507936508,557228.0,567207.890625,0.4428889746411052
crossover_new_iir_interleaved_blocks/lr12_2ch_4way_both/32,process_call,lr12,4way,32,30,8813.73075234192,8810.707689680537,8815.048369193988,8789.98893442623,8839.746926229509,0.1088298402331824
crossover_new_iir_interleaved_blocks/lr12_2ch_4way_both/512,process_call,lr12,4way,512,30,139405.0207373272,139357.5094057725,139493.06298003072,139146.60944700462,139684.65927419355,0.09801318711448594
crossover_new_iir_interleaved_blocks/lr12_2ch_per_channel_mixed/2048,process_call,lr12,per_channel,2048,30,51808.426159182185,51750.1875,51859.65836422614,51505.441767068274,51976.61831325301,0.2184652099327069
crossover_new_iir_interleaved_blocks/lr12_2ch_per_channel_mixed/32,process_call,lr12,per_channel,32,30,823.2689925444465,822.720010514242,824.7587049730998,816.8570063085452,841.0499866182374,0.6249189140549992
crossover_new_iir_interleaved_blocks/lr12_2ch_per_channel_mixed/512,process_call,lr12,per_channel,512,30,12942.175532675534,12921.033163598382,12960.957703238953,12880.570570570571,13018.355195195196,0.2673186937646168
crossover_new_iir_interleaved_blocks/lr48_2ch_2way_both/2048,process_call,lr48,2way,2048,30,75032.3900862069,74965.138697318,75083.75668103449,74841.04045092838,79042.19923371647,1.3570755854299115
crossover_new_iir_interleaved_blocks/lr48_2ch_2way_both/32,process_call,lr48,2way,32,30,1199.4017607821338,1197.0529151115697,1201.11185436915,1193.1950656347544,1285.5083258815284,1.3581119669595554
crossover_new_iir_interleaved_blocks/lr48_2ch_2way_both/512,process_call,lr48,2way,512,30,18742.594064088087,18720.563285024153,18787.572463768116,18657.25,18866.478595317727,0.3071635261018395
crossover_new_iir_interleaved_blocks/lr48_2ch_4way_both/2048,process_call,lr48,4way,2048,30,865614.2849999999,864014.9396739131,867058.5285714285,861901.747368421,870081.5692307692,0.28923614103856093
crossover_new_iir_interleaved_blocks/lr48_2ch_4way_both/32,process_call,lr48,4way,32,30,13429.146691176471,13422.604501488095,13442.785491071429,13391.2128125,13826.19116847826,0.6052796446702415
crossover_new_iir_interleaved_blocks/lr48_2ch_4way_both/512,process_call,lr48,4way,512,30,216132.17916666667,216071.33500000002,216180.7918585526,214908.00833333333,216481.55,0.13430048359593533
crossover_new_iir_interleaved_blocks/lr48_2ch_per_channel_mixed/2048,process_call,lr48,per_channel,2048,30,71798.5356583072,71766.36750619789,71838.32469053935,71664.375,71972.33333333333,0.10802438405091364
crossover_new_iir_interleaved_blocks/lr48_2ch_per_channel_mixed/32,process_call,lr48,per_channel,32,30,1132.0097335795303,1131.1269136453784,1132.6859779159618,1120.6323478684333,1286.4876022157741,2.521355283413752
crossover_new_iir_interleaved_blocks/lr48_2ch_per_channel_mixed/512,process_call,lr48,per_channel,512,30,18063.741149018344,18049.710257163133,18079.25621338912,17961.756485355647,18164.121861924687,0.24007451695762067
crossover_new_iir_setup/bessel12_2ch_2way,setup_construct_initialize_drop,bessel12,2way,,30,1518.5428135930429,1516.237748558654,1519.9764348746912,1512.3730522918663,1526.9622308506882,0.23320179179613346
crossover_new_iir_setup/bessel12_2ch_4way,setup_construct_initialize_drop,bessel12,4way,,30,2245.8707498675144,2242.948328830682,2249.3539613142552,2225.1836451836452,2262.3615527292,0.41682954779667936
crossover_new_iir_setup/bessel12_2ch_per_channel,setup_construct_initialize_drop,bessel12,per_channel,,30,1949.2896933819065,1946.1826844262296,1950.2461217364907,1932.9584395871282,1975.91029143898,0.38982848749852694
crossover_new_iir_setup/bw42_2ch_2way,setup_construct_initialize_drop,bw42,2way,,30,1785.0715450216971,1766.667022515528,1787.8762636612023,1761.2042213114755,1797.1301229508197,0.6933726980260931
crossover_new_iir_setup/bw42_2ch_4way,setup_construct_initialize_drop,bw42,4way,,30,3048.686770443135,3046.581471004243,3052.9620265597987,3029.665820783759,3062.9512022630834,0.24780385640955754
crossover_new_iir_setup/bw42_2ch_per_channel,setup_construct_initialize_drop,bw42,per_channel,,30,2449.9569582814447,2444.4726522515066,2452.827914922628,2436.5659817351598,2471.8698630136987,0.3163750716419318
crossover_new_iir_setup/bw48_2ch_2way,setup_construct_initialize_drop,bw48,2way,,30,1797.9939293598234,1777.2086874980196,1800.934597721539,1771.9289078556749,1806.2649006622516,0.7438060625271686
crossover_new_iir_setup/bw48_2ch_4way,setup_construct_initialize_drop,bw48,4way,,30,3092.2804221251818,3090.355340680668,3093.756368267831,3080.372634643377,3241.7123362445413,1.0330215535990932
crossover_new_iir_setup/bw48_2ch_per_channel,setup_construct_initialize_drop,bw48,per_channel,,30,2484.4018363801806,2481.6757520611022,2486.308484563352,2469.157530721225,2496.861837207379,0.3116059433210136
crossover_new_iir_setup/bw6_2ch_2way,setup_construct_initialize_drop,bw6,2way,,30,1537.451421464108,1530.6490747123673,1541.7641663008485,1525.224946695096,1552.657356076759,0.5239759448991117
crossover_new_iir_setup/lr12_2ch_2way,setup_construct_initialize_drop,lr12,2way,,30,1472.0120966233903,1469.6695169795134,1475.137334565979,1459.4809419123112,1478.1608867971265,0.31844485583828475
crossover_new_iir_setup/lr12_2ch_4way,setup_construct_initialize_drop,lr12,4way,,30,5474.310375235663,5454.059417381257,5487.692226354143,5428.528735632184,5547.039050987327,0.592760178062673
crossover_new_iir_setup/lr12_2ch_per_channel,setup_construct_initialize_drop,lr12,per_channel,,30,2089.1552370299005,2087.291197733654,2092.284394407261,2078.951730862994,2114.1847879083375,0.3183759137488203
crossover_new_iir_setup/lr48_2ch_2way,setup_construct_initialize_drop,lr48,2way,,30,1824.0417191435768,1806.8337676806818,1827.179689013757,1801.358662188637,1832.0098847416227,0.6343894448584517
crossover_new_iir_setup/lr48_2ch_4way,setup_construct_initialize_drop,lr48,4way,,30,7643.575919335706,7626.651512455516,7677.978824517584,7611.9181494661925,7705.022390272835,0.39972028205690024
crossover_new_iir_setup/lr48_2ch_per_channel,setup_construct_initialize_drop,lr48,per_channel,,30,2475.0777576853525,2466.4190590111643,2479.0762050888634,2450.603517286236,2522.011429019772,0.5721091529798965
